date,state,state_name,ev,prob,dem_q05,dem_q25,dem_exp,dem_q75,dem_q95,recount,tipping_pt,rel_voter_power
2020-03-26,AK,Alaska,3,0.019,0.3214,0.3666,0.4004,0.4322,0.4786,3e-4,0.0017,0.7921
2020-03-26,AL,Alabama,9,0.0043,0.2973,0.3413,0.3738,0.4081,0.4545,0,3e-4,0.0238
2020-03-26,AR,Arkansas,6,0.0063,0.2988,0.3419,0.3749,0.4083,0.4553,0,0.0017,0.2232
2020-03-26,AZ,Arizona,11,0.1527,0.3757,0.4179,0.4509,0.4826,0.532,0.0063,0.0407,2.3931
2020-03-26,CA,California,55,0.994,0.5503,0.5986,0.6323,0.6633,0.7051,0,0,0
2020-03-26,CO,Colorado,9,0.5403,0.4199,0.4718,0.5053,0.5385,0.5891,0.0053,0.034,1.8518
2020-03-26,CT,Connecticut,7,0.8857,0.4779,0.5268,0.5592,0.5911,0.6356,7e-4,0.0037,0.3375
2020-03-26,DC,District of Columbia,3,1,0.9287,0.943,0.9504,0.9573,0.9656,0,0,0
2020-03-26,DE,Delaware,3,0.9647,0.5084,0.5604,0.5983,0.6338,0.6796,0,3e-4,0.1143
2020-03-26,FL,Florida,29,0.275,0.3834,0.4335,0.4663,0.5036,0.5546,0.0237,0.157,2.5237
2020-03-26,GA,Georgia,16,0.1713,0.3683,0.4156,0.4518,0.4854,0.5355,0.0093,0.06,2.208
2020-03-26,HI,Hawaii,4,1,0.5918,0.6423,0.6734,0.703,0.7454,0,0,0
2020-03-26,IA,Iowa,6,0.1483,0.3684,0.4149,0.4479,0.4807,0.5282,0.004,0.0247,2.3857
2020-03-26,ID,Idaho,4,3e-4,0.2323,0.2727,0.3027,0.3344,0.3816,0,0,0
2020-03-26,IL,Illinois,20,0.8213,0.4605,0.5119,0.5477,0.5823,0.6298,0.0033,0.018,0.4923
2020-03-26,IN,Indiana,11,0.0313,0.3212,0.371,0.4049,0.4385,0.4878,0.001,0.0087,0.4798
2020-03-26,KS,Kansas,6,0.009,0.2973,0.3424,0.374,0.4062,0.4529,0,7e-4,0.0852
2020-03-26,KY,Kentucky,8,0.0047,0.292,0.332,0.366,0.3987,0.4506,0,0.001,0.0787
2020-03-26,LA,Louisiana,8,0.0263,0.3231,0.3681,0.4019,0.4356,0.4858,0,0.0047,0.3483
2020-03-26,MA,Massachusetts,11,0.9943,0.5502,0.6001,0.6315,0.6622,0.7043,0,0,0
2020-03-26,MD,Maryland,10,0.9943,0.5421,0.5919,0.6266,0.6579,0.7001,0,0,0
2020-03-26,ME,Maine,4,0.6273,0.4316,0.4823,0.5181,0.5516,0.6004,0.001,0.014,2.7464
2020-03-26,MI,Michigan,16,0.4183,0.4114,0.4589,0.4902,0.522,0.5679,0.015,0.085,2.6818
2020-03-26,MN,Minnesota,10,0.439,0.4045,0.4573,0.4913,0.5264,0.5759,0.0077,0.053,2.7253
2020-03-26,MO,Missouri,10,0.0253,0.317,0.3644,0.3963,0.4317,0.4822,0,0.0043,0.2336
2020-03-26,MS,Mississippi,6,0.0397,0.329,0.3773,0.4111,0.445,0.4947,3e-4,0.0093,1.1686
2020-03-26,MT,Montana,3,0.0073,0.3066,0.3517,0.3803,0.4125,0.4598,0,3e-4,0.1021
2020-03-26,NC,North Carolina,15,0.222,0.378,0.4267,0.4611,0.4948,0.5492,0.0117,0.073,2.3312
2020-03-26,ND,North Dakota,3,0,0.2497,0.2899,0.3188,0.3508,0.4006,0,0,0
2020-03-26,NE,Nebraska,5,0.0023,0.2896,0.3282,0.3615,0.3937,0.4435,0,0,0
2020-03-26,NH,New Hampshire,4,0.4257,0.4113,0.4597,0.4915,0.525,0.5732,0.0047,0.0233,4.747
2020-03-26,NJ,New Jersey,14,0.8927,0.4756,0.5305,0.5642,0.595,0.6427,0.0023,0.0067,0.2606
2020-03-26,NM,New Mexico,5,0.7317,0.4435,0.4969,0.5321,0.5661,0.6114,0.003,0.0107,2.0232
2020-03-26,NV,Nevada,6,0.4913,0.4155,0.4659,0.4987,0.5345,0.5834,0.0037,0.0277,3.7226
2020-03-26,NY,New York,29,0.9577,0.5035,0.5526,0.5871,0.6199,0.6645,7e-4,0.002,0.0388
2020-03-26,OH,Ohio,18,0.1463,0.3729,0.4175,0.4487,0.4817,0.5313,0.01,0.0637,1.7539
2020-03-26,OK,Oklahoma,7,0,0.2405,0.2773,0.3069,0.338,0.3817,0,0,0
2020-03-26,OR,Oregon,7,0.7977,0.4618,0.5078,0.5424,0.577,0.6211,0.0027,0.0113,0.8575
2020-03-26,PA,Pennsylvania,20,0.3467,0.4011,0.4482,0.4796,0.5133,0.5612,0.017,0.119,2.9465
2020-03-26,RI,Rhode Island,4,0.9523,0.5019,0.5535,0.5868,0.6221,0.671,0,3e-4,0.1087
2020-03-26,SC,South Carolina,9,0.065,0.3427,0.3892,0.4225,0.4564,0.5063,0.0023,0.018,1.296
2020-03-26,SD,South Dakota,3,3e-4,0.2796,0.3178,0.3487,0.3784,0.424,0,0,0
2020-03-26,TN,Tennessee,11,0.004,0.2869,0.3284,0.3608,0.3944,0.4454,0,0.0017,0.1006
2020-03-26,TX,Texas,38,0.0903,0.3544,0.4005,0.434,0.4685,0.5172,0.0123,0.0813,1.3731
2020-03-26,UT,Utah,6,7e-4,0.2405,0.2845,0.3129,0.3435,0.3936,0,0,0
2020-03-26,VA,Virginia,13,0.3717,0.3946,0.4455,0.4811,0.518,0.5691,0.0123,0.0613,2.3318
2020-03-26,VT,Vermont,3,0.998,0.5626,0.6153,0.6481,0.6797,0.721,0,0,0
2020-03-26,WA,Washington,12,0.899,0.4826,0.5327,0.5663,0.5996,0.6446,0,0.0047,0.213
2020-03-26,WI,Wisconsin,10,0.3247,0.4005,0.4473,0.4784,0.5108,0.5594,0.0107,0.057,2.9001
2020-03-26,WV,West Virginia,5,0,0.2282,0.2673,0.2965,0.3257,0.3712,0,0,0
2020-03-26,WY,Wyoming,3,0,0.1811,0.2136,0.2376,0.2657,0.307,0,0,0
2020-03-28,AK,Alaska,3,0.014,0.3247,0.3672,0.3972,0.4285,0.4735,7e-4,0.003,1.4168
2020-03-28,AL,Alabama,9,0.0093,0.2984,0.3415,0.3734,0.4061,0.459,0,0,0
2020-03-28,AR,Arkansas,6,0.0067,0.2964,0.3404,0.3741,0.4062,0.4567,7e-4,7e-4,0.0887
2020-03-28,AZ,Arizona,11,0.144,0.3738,0.4173,0.4505,0.4832,0.5268,0.009,0.0523,3.0603
2020-03-28,CA,California,55,0.995,0.5496,0.5974,0.6293,0.662,0.7016,3e-4,0,0
2020-03-28,CO,Colorado,9,0.5557,0.425,0.4727,0.5064,0.5418,0.5895,0.0067,0.028,1.5154
2020-03-28,CT,Connecticut,7,0.8777,0.4763,0.5232,0.5566,0.5888,0.6388,0.002,0.0027,0.2439
2020-03-28,DC,District of Columbia,3,1,0.9289,0.9422,0.95,0.957,0.9653,0,0,0
2020-03-28,DE,Delaware,3,0.9707,0.5148,0.5626,0.595,0.6286,0.6736,0,7e-4,0.2272
2020-03-28,FL,Florida,29,0.2627,0.3874,0.4351,0.4672,0.5018,0.5515,0.0267,0.1483,2.3694
2020-03-28,GA,Georgia,16,0.1563,0.372,0.4178,0.4509,0.4845,0.5322,0.0103,0.06,2.1942
2020-03-28,HI,Hawaii,4,1,0.5953,0.6397,0.6722,0.7037,0.7454,0,0,0
2020-03-28,IA,Iowa,6,0.16,0.3678,0.415,0.4495,0.4833,0.5335,0.003,0.0233,2.2426
2020-03-28,ID,Idaho,4,0,0.238,0.2744,0.3032,0.3336,0.3817,0,0,0
2020-03-28,IL,Illinois,20,0.823,0.4662,0.5118,0.5466,0.5807,0.6248,0.0023,0.019,0.5164
2020-03-28,IN,Indiana,11,0.0207,0.3275,0.3723,0.4046,0.4374,0.4824,0.0017,0.0093,0.5135
2020-03-28,KS,Kansas,6,0.006,0.3007,0.3431,0.3741,0.4077,0.4548,0,0.0017,0.2117
2020-03-28,KY,Kentucky,8,0.003,0.2903,0.3334,0.3654,0.3973,0.4463,0,3e-4,0.0261
2020-03-28,LA,Louisiana,8,0.033,0.318,0.3663,0.3998,0.4338,0.49,0.0013,0.0043,0.3214
2020-03-28,MA,Massachusetts,11,0.9983,0.5527,0.5983,0.6325,0.6637,0.7065,0,0,0
2020-03-28,MD,Maryland,10,0.9907,0.541,0.5903,0.6216,0.6542,0.6981,0,0,0
2020-03-28,ME,Maine,4,0.6103,0.4338,0.4805,0.5144,0.5505,0.5985,0.0033,0.0153,2.9891
2020-03-28,MI,Michigan,16,0.4067,0.417,0.4597,0.4901,0.5198,0.5652,0.016,0.0963,3.0203
2020-03-28,MN,Minnesota,10,0.4117,0.4056,0.4532,0.4883,0.5212,0.572,0.0083,0.0467,2.3846
2020-03-28,MO,Missouri,10,0.0187,0.3251,0.3666,0.3989,0.4309,0.4752,0.0013,0.004,0.2143
2020-03-28,MS,Mississippi,6,0.0423,0.3376,0.38,0.4117,0.4459,0.4945,0.0013,0.0057,0.7051
2020-03-28,MT,Montana,3,0.0057,0.3057,0.3467,0.378,0.4109,0.4575,0,3e-4,0.1014
2020-03-28,NC,North Carolina,15,0.2113,0.3779,0.4241,0.4586,0.4935,0.5457,0.01,0.063,1.9993
2020-03-28,ND,North Dakota,3,0,0.2527,0.2914,0.3201,0.3502,0.3932,0,0,0
2020-03-28,NE,Nebraska,5,0.0023,0.2851,0.3262,0.3574,0.3875,0.4335,0,0,0
2020-03-28,NH,New Hampshire,4,0.416,0.4102,0.4578,0.4902,0.5241,0.57,0.0033,0.0233,4.7172
2020-03-28,NJ,New Jersey,14,0.8967,0.4815,0.5293,0.5615,0.5932,0.6369,7e-4,0.0057,0.2201
2020-03-28,NM,New Mexico,5,0.7137,0.4453,0.4945,0.5273,0.5611,0.6087,0.0017,0.01,1.8849
2020-03-28,NV,Nevada,6,0.494,0.4198,0.4648,0.4992,0.5329,0.579,0.0043,0.0283,3.7884
2020-03-28,NY,New York,29,0.954,0.5023,0.5513,0.5844,0.6181,0.6618,0.001,0.0027,0.0514
2020-03-28,OH,Ohio,18,0.1327,0.373,0.4182,0.4482,0.48,0.5253,0.0127,0.0703,1.9255
2020-03-28,OK,Oklahoma,7,0,0.2415,0.2777,0.3061,0.3337,0.3758,0,0,0
2020-03-28,OR,Oregon,7,0.8023,0.4617,0.5089,0.5438,0.5768,0.6231,0.0013,0.0057,0.4261
2020-03-28,PA,Pennsylvania,20,0.3137,0.4036,0.4483,0.4779,0.5088,0.5535,0.0223,0.118,2.9034
2020-03-28,RI,Rhode Island,4,0.9527,0.5024,0.55,0.5824,0.6164,0.6616,0,7e-4,0.2161
2020-03-28,SC,South Carolina,9,0.0603,0.3451,0.3893,0.4213,0.4558,0.5042,0.0017,0.0137,0.9779
2020-03-28,SD,South Dakota,3,0,0.2785,0.3153,0.3457,0.3782,0.4258,0,0,0
2020-03-28,TN,Tennessee,11,0.004,0.2863,0.3298,0.3606,0.3923,0.4411,0,3e-4,0.02
2020-03-28,TX,Texas,38,0.0937,0.3562,0.4004,0.4335,0.4678,0.5159,0.011,0.0707,1.1855
2020-03-28,UT,Utah,6,0,0.2489,0.2858,0.3151,0.3459,0.3914,0,0,0
2020-03-28,VA,Virginia,13,0.3527,0.3985,0.4463,0.4808,0.5149,0.5643,0.0137,0.075,2.8336
2020-03-28,VT,Vermont,3,0.9987,0.5702,0.6162,0.6483,0.6798,0.7179,0,0,0
2020-03-28,WA,Washington,12,0.9113,0.4841,0.5331,0.5646,0.5959,0.6419,0.001,0.0033,0.1512
2020-03-28,WI,Wisconsin,10,0.2977,0.4023,0.4443,0.476,0.5065,0.5508,0.0097,0.066,3.3369
2020-03-28,WV,West Virginia,5,0,0.23,0.2673,0.2955,0.3245,0.3706,0,0,0
2020-03-28,WY,Wyoming,3,0,0.1824,0.2131,0.2375,0.263,0.3038,0,0,0
2020-03-30,AK,Alaska,3,0.0157,0.3221,0.3639,0.3946,0.4263,0.4718,0,0.001,0.4897
2020-03-30,AL,Alabama,9,0.0047,0.2981,0.3403,0.3721,0.4039,0.4565,0,0.0013,0.098
2020-03-30,AR,Arkansas,6,0.004,0.2941,0.3377,0.3681,0.4015,0.4494,0,0,0
2020-03-30,AZ,Arizona,11,0.1417,0.3726,0.4164,0.4499,0.4814,0.5285,0.008,0.0393,2.3849
2020-03-30,CA,California,55,0.9957,0.5495,0.5977,0.6284,0.6598,0.7007,0,0,0
2020-03-30,CO,Colorado,9,0.5357,0.4274,0.4723,0.504,0.5377,0.5821,0.008,0.032,1.7958
2020-03-30,CT,Connecticut,7,0.882,0.4774,0.5235,0.5583,0.593,0.635,0.001,0.0027,0.2529
2020-03-30,DC,District of Columbia,3,1,0.9276,0.9421,0.9501,0.9567,0.9656,0,0,0
2020-03-30,DE,Delaware,3,0.98,0.5196,0.5635,0.5954,0.6271,0.6723,0,3e-4,0.1178
2020-03-30,FL,Florida,29,0.2457,0.3873,0.4334,0.4663,0.4993,0.5476,0.029,0.147,2.4347
2020-03-30,GA,Georgia,16,0.1507,0.3738,0.4186,0.4511,0.4824,0.5304,0.0067,0.0583,2.2119
2020-03-30,HI,Hawaii,4,0.9997,0.5953,0.6419,0.6737,0.7024,0.7426,0,0,0
2020-03-30,IA,Iowa,6,0.1313,0.3662,0.4117,0.4439,0.4771,0.5245,0.0073,0.0203,2.0264
2020-03-30,ID,Idaho,4,0,0.238,0.2738,0.3014,0.3294,0.3759,0,0,0
2020-03-30,IL,Illinois,20,0.8033,0.4635,0.5089,0.5444,0.5786,0.621,0.0033,0.0117,0.3288
2020-03-30,IN,Indiana,11,0.026,0.3259,0.3708,0.4023,0.4341,0.4845,3e-4,0.0077,0.4374
2020-03-30,KS,Kansas,6,0.0033,0.3033,0.3425,0.3706,0.4021,0.4465,3e-4,7e-4,0.0878
2020-03-30,KY,Kentucky,8,0.002,0.2892,0.3316,0.3627,0.3983,0.4451,0,0,0
2020-03-30,LA,Louisiana,8,0.0223,0.3275,0.3698,0.401,0.4333,0.4854,0.0013,0.0047,0.3588
2020-03-30,MA,Massachusetts,11,0.997,0.5495,0.5993,0.6311,0.662,0.7068,0,0,0
2020-03-30,MD,Maryland,10,0.994,0.5435,0.5912,0.6212,0.6519,0.695,0,0,0
2020-03-30,ME,Maine,4,0.633,0.4352,0.484,0.5154,0.5475,0.5954,0.0033,0.0153,3.0993
2020-03-30,MI,Michigan,16,0.39,0.4194,0.4592,0.4882,0.516,0.5571,0.018,0.096,3.1209
2020-03-30,MN,Minnesota,10,0.3903,0.4069,0.4531,0.4861,0.5182,0.566,0.011,0.0497,2.6315
2020-03-30,MO,Missouri,10,0.0137,0.324,0.366,0.3964,0.4272,0.4737,7e-4,0.0033,0.1852
2020-03-30,MS,Mississippi,6,0.04,0.3323,0.3769,0.4097,0.4449,0.4939,7e-4,0.004,0.516
2020-03-30,MT,Montana,3,0.0043,0.304,0.3463,0.3774,0.4085,0.4543,0,3e-4,0.1052
2020-03-30,NC,North Carolina,15,0.1963,0.379,0.4252,0.4591,0.4913,0.5366,0.011,0.0733,2.413
2020-03-30,ND,North Dakota,3,0,0.2497,0.2903,0.3197,0.349,0.3938,0,0,0
2020-03-30,NE,Nebraska,5,0.0017,0.2858,0.3286,0.3583,0.3875,0.4349,0,3e-4,0.0616
2020-03-30,NH,New Hampshire,4,0.4227,0.4154,0.4583,0.4904,0.5225,0.5668,0.0037,0.0237,4.9611
2020-03-30,NJ,New Jersey,14,0.8987,0.4829,0.5285,0.5586,0.5923,0.6326,3e-4,0.006,0.2416
2020-03-30,NM,New Mexico,5,0.7143,0.4483,0.4947,0.5278,0.5606,0.6079,0.0017,0.0113,2.215
2020-03-30,NV,Nevada,6,0.4733,0.4167,0.4629,0.4965,0.5304,0.5801,0.004,0.0253,3.5122
2020-03-30,NY,New York,29,0.9853,0.5245,0.5637,0.5916,0.6197,0.6604,0,3e-4,0.0067
2020-03-30,OH,Ohio,18,0.1023,0.3811,0.4194,0.4467,0.4748,0.518,0.0093,0.064,1.8167
2020-03-30,OK,Oklahoma,7,0,0.2402,0.2793,0.30620000000000003,0.3358,0.3815,0,0,0
2020-03-30,OR,Oregon,7,0.7983,0.4596,0.5078,0.5397,0.5713,0.6142,0.001,0.0107,0.8316
2020-03-30,PA,Pennsylvania,20,0.2467,0.4037,0.4442,0.472,0.4993,0.5404,0.026,0.124,3.1636
2020-03-30,RI,Rhode Island,4,0.9483,0.4989,0.5472,0.582,0.6139,0.6617,0,0,0
2020-03-30,SC,South Carolina,9,0.0583,0.3394,0.3882,0.4195,0.4524,0.5045,0.0033,0.015,1.1128
2020-03-30,SD,South Dakota,3,7e-4,0.2766,0.3149,0.3457,0.3771,0.4215,0,0,0
2020-03-30,TN,Tennessee,11,0.001,0.2863,0.3299,0.358,0.3902,0.4367,0,7e-4,0.0415
2020-03-30,TX,Texas,38,0.092,0.3561,0.3991,0.4324,0.4645,0.5151,0.015,0.0847,1.4728
2020-03-30,UT,Utah,6,0,0.2494,0.2868,0.3138,0.343,0.3884,0,0,0
2020-03-30,VA,Virginia,13,0.3453,0.3967,0.4449,0.4796,0.513,0.5605,0.01,0.0677,2.6508
2020-03-30,VT,Vermont,3,0.999,0.5718,0.6147,0.6475,0.6773,0.7155,0,0,0
2020-03-30,WA,Washington,12,0.9183,0.4871,0.5311,0.5617,0.5944,0.6382,7e-4,0.002,0.0941
2020-03-30,WI,Wisconsin,10,0.2633,0.4034,0.4451,0.474,0.5017,0.5444,0.012,0.071,3.7221
2020-03-30,WV,West Virginia,5,0,0.2327,0.2669,0.2925,0.3207,0.3587,0,0,0
2020-03-30,WY,Wyoming,3,0,0.1822,0.2149,0.2391,0.2653,0.3065,0,0,0
2020-04-01,AK,Alaska,3,0.0223,0.3309,0.3753,0.4053,0.4358,0.4837,0,0.0023,1.1418
2020-04-01,AL,Alabama,9,0.0047,0.3059,0.3477,0.3778,0.4074,0.4556,0,3e-4,0.0245
2020-04-01,AR,Arkansas,6,0.009,0.3054,0.3466,0.3777,0.41,0.4577,0,7e-4,0.0919
2020-04-01,AZ,Arizona,11,0.1737,0.3788,0.423,0.4572,0.4872,0.5357,0.0067,0.0437,2.6459
2020-04-01,CA,California,55,0.9997,0.5866,0.6236,0.6498,0.6737,0.7062,0,0,0
2020-04-01,CO,Colorado,9,0.6107,0.4384,0.4826,0.5139,0.5447,0.5888,0.005,0.034,1.9067
2020-04-01,CT,Connecticut,7,0.9053,0.4817,0.5338,0.5663,0.5984,0.6436,3e-4,0.0037,0.3475
2020-04-01,DC,District of Columbia,3,1,0.9315,0.9439,0.9516,0.9584,0.9661,0,0,0
2020-04-01,DE,Delaware,3,0.9813,0.5238,0.5713,0.6017,0.6325,0.6758,0,0,0
2020-04-01,FL,Florida,29,0.2937,0.3938,0.443,0.4739,0.5067,0.5531,0.029,0.154,2.5489
2020-04-01,GA,Georgia,16,0.2013,0.3808,0.4262,0.4579,0.4924,0.5378,0.011,0.0647,2.4503
2020-04-01,HI,Hawaii,4,0.9997,0.6044,0.6516,0.6808,0.7094,0.7474,0,0,0
2020-04-01,IA,Iowa,6,0.1627,0.3773,0.4225,0.4525,0.4835,0.5296,0.003,0.023,2.2905
2020-04-01,ID,Idaho,4,0,0.245,0.2809,0.3068,0.3339,0.3764,0,0,0
2020-04-01,IL,Illinois,20,0.8787,0.4763,0.5229,0.5542,0.5862,0.6279,0.0037,0.0153,0.4318
2020-04-01,IN,Indiana,11,0.015,0.3392,0.3798,0.4104,0.4402,0.4836,0.0023,0.0057,0.323
2020-04-01,KS,Kansas,6,0.0053,0.3048,0.3493,0.3788,0.4102,0.4549,0,3e-4,0.0439
2020-04-01,KY,Kentucky,8,0.005,0.2938,0.3405,0.3704,0.4009,0.4485,0,3e-4,0.027
2020-04-01,LA,Louisiana,8,0.027,0.3337,0.3763,0.4061,0.4379,0.4854,7e-4,0.0023,0.1793
2020-04-01,MA,Massachusetts,11,0.9987,0.5633,0.6094,0.6384,0.6659,0.7054,0,0,0
2020-04-01,MD,Maryland,10,0.997,0.5542,0.6005,0.6303,0.6593,0.7004,0,0,0
2020-04-01,ME,Maine,4,0.6803,0.4428,0.4906,0.5217,0.5536,0.5995,0.0023,0.016,3.2318
2020-04-01,MI,Michigan,16,0.434,0.4307,0.467,0.49370000000000003,0.5213,0.5598,0.0253,0.092,2.9888
2020-04-01,MN,Minnesota,10,0.4513,0.4176,0.4623,0.4938,0.5278,0.5697,0.011,0.0457,2.4179
2020-04-01,MO,Missouri,10,0.0197,0.3286,0.3719,0.4016,0.4342,0.4817,7e-4,0.0053,0.2961
2020-04-01,MS,Mississippi,6,0.0497,0.3397,0.385,0.4175,0.4506,0.4999,0.001,0.0057,0.7306
2020-04-01,MT,Montana,3,0.0087,0.3142,0.3566,0.3874,0.4185,0.4648,7e-4,3e-4,0.1051
2020-04-01,NC,North Carolina,15,0.2227,0.3901,0.4331,0.4643,0.4958,0.5418,0.0127,0.0623,2.0497
2020-04-01,ND,North Dakota,3,0,0.2568,0.2955,0.3229,0.3522,0.3969,0,0,0
2020-04-01,NE,Nebraska,5,0.002,0.2907,0.3337,0.3624,0.3945,0.4366,3e-4,3e-4,0.0616
2020-04-01,NH,New Hampshire,4,0.4847,0.4232,0.4658,0.4981,0.5294,0.5727,0.001,0.0203,4.2594
2020-04-01,NJ,New Jersey,14,0.9143,0.4889,0.5373,0.5682,0.6001,0.6425,0.001,0.0033,0.1342
2020-04-01,NM,New Mexico,5,0.7843,0.461,0.5053,0.5363,0.5691,0.6125,0.0017,0.0117,2.2785
2020-04-01,NV,Nevada,6,0.5573,0.4294,0.4763,0.5072,0.5386,0.5828,0.005,0.0243,3.3712
2020-04-01,NY,New York,29,0.9927,0.5318,0.5724,0.5976,0.6227,0.6574,0,0,0
2020-04-01,OH,Ohio,18,0.1177,0.3842,0.4243,0.4521,0.4784,0.5164,0.012,0.0613,1.7398
2020-04-01,OK,Oklahoma,7,0,0.2498,0.2851,0.3136,0.3431,0.3826,0,0,0
2020-04-01,OR,Oregon,7,0.8383,0.4707,0.5171,0.5489,0.5807,0.6234,0.0013,0.0043,0.3376
2020-04-01,PA,Pennsylvania,20,0.2843,0.4106,0.451,0.4777,0.5041,0.5443,0.0283,0.143,3.6458
2020-04-01,RI,Rhode Island,4,0.9673,0.5105,0.5577,0.5894,0.6209,0.664,0,0,0
2020-04-01,SC,South Carolina,9,0.0727,0.3454,0.3933,0.4254,0.4596,0.5109,0.0017,0.0127,0.9391
2020-04-01,SD,South Dakota,3,0,0.2833,0.3241,0.3535,0.3818,0.4291,0,0,0
2020-04-01,TN,Tennessee,11,0.001,0.297,0.3366,0.3647,0.394,0.4389,0,7e-4,0.0414
2020-04-01,TX,Texas,38,0.1193,0.3628,0.4064,0.4394,0.4738,0.5201,0.013,0.0807,1.4022
2020-04-01,UT,Utah,6,3e-4,0.2496,0.2875,0.3169,0.3473,0.3918,0,0,0
2020-04-01,VA,Virginia,13,0.399,0.4054,0.4534,0.4872,0.521,0.5679,0.013,0.0653,2.5576
2020-04-01,VT,Vermont,3,1,0.5786,0.6259,0.6541,0.6827,0.7211,0,0,0
2020-04-01,WA,Washington,12,0.93,0.49,0.5409,0.5723,0.6035,0.6477,7e-4,0.001,0.047
2020-04-01,WI,Wisconsin,10,0.324,0.4158,0.4534,0.4805,0.5083,0.5434,0.0137,0.0747,3.9116
2020-04-01,WV,West Virginia,5,0,0.2362,0.2721,0.2997,0.3288,0.3696,0,0,0
2020-04-01,WY,Wyoming,3,0,0.1877,0.2195,0.243,0.2673,0.3047,0,0,0
2020-04-02,AK,Alaska,3,0.0183,0.3269,0.3692,0.3996,0.4304,0.4755,7e-4,0.0023,1.1063
2020-04-02,AL,Alabama,9,0.0063,0.3046,0.348,0.3769,0.4085,0.4595,0,0.0017,0.1186
2020-04-02,AR,Arkansas,6,0.0033,0.3049,0.3444,0.3746,0.4054,0.4507,7e-4,0.001,0.1336
2020-04-02,AZ,Arizona,11,0.1803,0.3805,0.4244,0.4551,0.4888,0.5341,0.0083,0.0363,2.133
2020-04-02,CA,California,55,1,0.5888,0.6241,0.65,0.67490000000000006,0.7054,0,0,0
2020-04-02,CO,Colorado,9,0.6137,0.4379,0.4806,0.512,0.5456,0.5898,0.005,0.0333,1.8112
2020-04-02,CT,Connecticut,7,0.9097,0.4853,0.5309,0.5645,0.5954,0.6367,0,0.0023,0.2143
2020-04-02,DC,District of Columbia,3,1,0.9314,0.944,0.9512,0.9579,0.9651,0,0,0
2020-04-02,DE,Delaware,3,0.9777,0.5204,0.5695,0.6011,0.6311,0.6739,0,3e-4,0.114
2020-04-02,FL,Florida,29,0.294,0.4004,0.4414,0.4732,0.506,0.5475,0.0297,0.151,2.4215
2020-04-02,GA,Georgia,16,0.1657,0.3795,0.4246,0.4539,0.4859,0.53,0.0127,0.0703,2.5821
2020-04-02,HI,Hawaii,4,1,0.6108,0.6516,0.6807,0.7079,0.7452,0,0,0
2020-04-02,IA,Iowa,6,0.1437,0.3778,0.4194,0.4505,0.4813,0.5286,0.0047,0.028,2.7017
2020-04-02,ID,Idaho,4,0,0.2434,0.28,0.307,0.3342,0.3744,0,0,0
2020-04-02,IL,Illinois,20,0.8613,0.4752,0.52,0.5509,0.581,0.6222,0.004,0.011,0.3001
2020-04-02,IN,Indiana,11,0.024,0.3377,0.3774,0.4075,0.4383,0.483,7e-4,0.0067,0.3682
2020-04-02,KS,Kansas,6,0.0023,0.3097,0.3476,0.3761,0.4062,0.4476,0,7e-4,0.085
2020-04-02,KY,Kentucky,8,0.0023,0.2962,0.339,0.3695,0.4027,0.4495,0,7e-4,0.0523
2020-04-02,LA,Louisiana,8,0.0237,0.3298,0.372,0.4037,0.4368,0.4872,3e-4,0.0057,0.4219
2020-04-02,MA,Massachusetts,11,0.998,0.5581,0.6044,0.6362,0.667,0.7075,0,0,0
2020-04-02,MD,Maryland,10,0.9973,0.5536,0.597,0.6288,0.6577,0.6958,0,0,0
2020-04-02,ME,Maine,4,0.654,0.4387,0.4874,0.519,0.5521,0.5952,0.004,0.0143,2.8051
2020-04-02,MI,Michigan,16,0.4067,0.4282,0.4658,0.491,0.5157,0.5544,0.0267,0.104,3.2735
2020-04-02,MN,Minnesota,10,0.439,0.4178,0.4625,0.4928,0.5229,0.568,0.0117,0.052,2.6675
2020-04-02,MO,Missouri,10,0.0147,0.3286,0.3712,0.4006,0.4322,0.4758,7e-4,0.002,0.1076
2020-04-02,MS,Mississippi,6,0.0337,0.3421,0.384,0.4151,0.4461,0.4917,0.001,0.0103,1.2908
2020-04-02,MT,Montana,3,0.004,0.3159,0.3564,0.3868,0.4161,0.4603,0,0.0013,0.4073
2020-04-02,NC,North Carolina,15,0.1907,0.3886,0.4303,0.4598,0.4906,0.5369,0.011,0.06,1.9116
2020-04-02,ND,North Dakota,3,3e-4,0.2574,0.2934,0.3228,0.3524,0.3958,0,0,0
2020-04-02,NE,Nebraska,5,0.0023,0.2905,0.3321,0.3617,0.3932,0.4377,0,0,0
2020-04-02,NH,New Hampshire,4,0.455,0.4156,0.4614,0.4945,0.5262,0.5721,0.0063,0.021,4.2622
2020-04-02,NJ,New Jersey,14,0.9153,0.4875,0.5333,0.5655,0.5965,0.6409,0.002,0.0043,0.169
2020-04-02,NM,New Mexico,5,0.7793,0.46,0.5041,0.5367,0.5679,0.6112,0.0033,0.0103,1.9553
2020-04-02,NV,Nevada,6,0.528,0.4253,0.47,0.5028,0.5353,0.5816,0.0053,0.0267,3.5795
2020-04-02,NY,New York,29,0.9937,0.5302,0.5682,0.5958,0.6223,0.6583,0,0,0
2020-04-02,OH,Ohio,18,0.097,0.3844,0.4223,0.4475,0.4752,0.5111,0.0123,0.0507,1.3925
2020-04-02,OK,Oklahoma,7,0,0.2455,0.2822,0.3103,0.3358,0.3766,0,0,0
2020-04-02,OR,Oregon,7,0.8243,0.4667,0.5133,0.5467,0.5781,0.6231,0.0027,0.0093,0.7045
2020-04-02,PA,Pennsylvania,20,0.278,0.4114,0.4482,0.4753,0.5036,0.5405,0.0303,0.1353,3.343
2020-04-02,RI,Rhode Island,4,0.9733,0.514,0.5587,0.5906,0.6196,0.6631,0,3e-4,0.1085
2020-04-02,SC,South Carolina,9,0.0477,0.3511,0.3949,0.4259,0.4569,0.4995,0.0037,0.013,0.9338
2020-04-02,SD,South Dakota,3,7e-4,0.2818,0.3212,0.3515,0.3822,0.4256,0,0,0
2020-04-02,TN,Tennessee,11,0.0023,0.2937,0.3344,0.3635,0.3924,0.4385,0,3e-4,0.0201
2020-04-02,TX,Texas,38,0.0883,0.3621,0.405,0.438,0.4691,0.5151,0.0137,0.0767,1.2913
2020-04-02,UT,Utah,6,0,0.2507,0.2889,0.3154,0.3462,0.3892,0,0,0
2020-04-02,VA,Virginia,13,0.3917,0.4036,0.452,0.4865,0.5195,0.57,0.0093,0.063,2.3896
2020-04-02,VT,Vermont,3,0.9997,0.5784,0.622,0.6513,0.6788,0.719,0,0,0
2020-04-02,WA,Washington,12,0.9393,0.4964,0.539,0.5709,0.6013,0.6433,3e-4,0.0033,0.1518
2020-04-02,WI,Wisconsin,10,0.283,0.4163,0.4524,0.4776,0.5036,0.5408,0.0133,0.0723,3.6715
2020-04-02,WV,West Virginia,5,0,0.2371,0.2728,0.2978,0.3258,0.3656,0,0,0
2020-04-02,WY,Wyoming,3,0,0.1875,0.2162,0.2404,0.2647,0.3045,0,0,0
2020-04-03,AK,Alaska,3,0.0323,0.3328,0.3752,0.4054,0.4377,0.4886,3e-4,0.0023,1.1313
2020-04-03,AL,Alabama,9,0.0057,0.3097,0.3514,0.3818,0.412,0.4566,0,7e-4,0.0485
2020-04-03,AR,Arkansas,6,0.004,0.3077,0.349,0.3799,0.4098,0.4524,0,0,0
2020-04-03,AZ,Arizona,11,0.1897,0.3855,0.4299,0.4603,0.4913,0.5345,0.008,0.0453,2.7214
2020-04-03,CA,California,55,1,0.5922,0.6287,0.6543,0.6765,0.7087,0,0,0
2020-04-03,CO,Colorado,9,0.6137,0.4367,0.4807,0.5138,0.5452,0.59,0.0073,0.032,1.7779
2020-04-03,CT,Connecticut,7,0.931,0.4913,0.5359,0.568,0.5982,0.6405,7e-4,0.002,0.1878
2020-04-03,DC,District of Columbia,3,1,0.9337,0.9445,0.952,0.9578,0.9652,0,0,0
2020-04-03,DE,Delaware,3,0.9907,0.53,0.573,0.6045,0.6319,0.6741,0,0,0
2020-04-03,FL,Florida,29,0.3197,0.3968,0.4416,0.4754,0.5109,0.556,0.0233,0.1347,2.2082
2020-04-03,GA,Georgia,16,0.1727,0.4019,0.4387,0.465,0.4899,0.5267,0.015,0.0807,3.0283
2020-04-03,HI,Hawaii,4,1,0.6086,0.6536,0.6819,0.7075,0.742,0,0,0
2020-04-03,IA,Iowa,6,0.1483,0.3755,0.4194,0.4525,0.4836,0.5265,0.0047,0.0243,2.4009
2020-04-03,ID,Idaho,4,0,0.2453,0.2807,0.3061,0.3342,0.3755,0,0,0
2020-04-03,IL,Illinois,20,0.879,0.4742,0.5206,0.5527,0.5823,0.6264,0.0027,0.0127,0.3534
2020-04-03,IN,Indiana,11,0.026,0.3377,0.3784,0.4103,0.4423,0.4855,0,0.0063,0.3577
2020-04-03,KS,Kansas,6,0.0047,0.3139,0.3527,0.3798,0.4095,0.4509,0,0.001,0.1304
2020-04-03,KY,Kentucky,8,0.0027,0.3006,0.3408,0.3724,0.4035,0.4478,3e-4,0,0
2020-04-03,LA,Louisiana,8,0.0303,0.3347,0.3764,0.4092,0.4417,0.4907,0.001,0.0067,0.5075
2020-04-03,MA,Massachusetts,11,0.998,0.5635,0.6087,0.6387,0.669,0.7074,0,0,0
2020-04-03,MD,Maryland,10,0.997,0.5586,0.6037,0.6328,0.6614,0.6994,0,0,0
2020-04-03,ME,Maine,4,0.6957,0.4483,0.4925,0.5248,0.5563,0.5977,0.0017,0.012,2.4014
2020-04-03,MI,Michigan,16,0.4023,0.4296,0.4657,0.491,0.5166,0.5518,0.0237,0.104,3.3473
2020-04-03,MN,Minnesota,10,0.4963,0.4211,0.4656,0.4995,0.5285,0.5717,0.0087,0.044,2.308
2020-04-03,MO,Missouri,10,0.0183,0.3308,0.3708,0.4015,0.4333,0.4822,0.001,0.004,0.22
2020-04-03,MS,Mississippi,6,0.0383,0.3465,0.3872,0.4188,0.4497,0.4945,0.0017,0.0033,0.4258
2020-04-03,MT,Montana,3,0.0043,0.3206,0.3589,0.3892,0.4181,0.4613,3e-4,3e-4,0.1041
2020-04-03,NC,North Carolina,15,0.228,0.3931,0.4357,0.4658,0.4962,0.54,0.0173,0.0753,2.4542
2020-04-03,ND,North Dakota,3,0,0.2621,0.298,0.3247,0.3524,0.3946,0,0,0
2020-04-03,NE,Nebraska,5,7e-4,0.3002,0.3378,0.3666,0.3946,0.4355,0,0,0
2020-04-03,NH,New Hampshire,4,0.4887,0.4182,0.4666,0.4988,0.5295,0.5716,0.0017,0.0187,3.874
2020-04-03,NJ,New Jersey,14,0.924,0.4913,0.537,0.5676,0.598,0.6406,0.001,0.005,0.1994
2020-04-03,NM,New Mexico,5,0.7837,0.4575,0.5059,0.5366,0.5663,0.6156,0.0023,0.0083,1.6124
2020-04-03,NV,Nevada,6,0.5707,0.433,0.478,0.5075,0.5359,0.5796,0.0067,0.0323,4.438
2020-04-03,NY,New York,29,0.995,0.5322,0.574,0.5998,0.6254,0.6611,0,3e-4,0.0066
2020-04-03,OH,Ohio,18,0.095,0.3877,0.4255,0.4498,0.4763,0.5115,0.0103,0.0513,1.4426
2020-04-03,OK,Oklahoma,7,0,0.2524,0.2859,0.3122,0.3385,0.3811,0,0,0
2020-04-03,OR,Oregon,7,0.8697,0.4749,0.5207,0.5489,0.5795,0.6191,0.0013,0.0077,0.5917
2020-04-03,PA,Pennsylvania,20,0.2763,0.4139,0.4504,0.4769,0.5027,0.5374,0.0267,0.123,3.1069
2020-04-03,RI,Rhode Island,4,0.9753,0.513,0.5591,0.5908,0.6204,0.6614,0,7e-4,0.2219
2020-04-03,SC,South Carolina,9,0.068,0.3563,0.3995,0.4294,0.4588,0.5071,0.0027,0.0173,1.2731
2020-04-03,SD,South Dakota,3,0.0017,0.2861,0.3248,0.3521,0.3841,0.4264,0,0,0
2020-04-03,TN,Tennessee,11,3e-4,0.2963,0.3364,0.3658,0.3951,0.4374,0,0,0
2020-04-03,TX,Texas,38,0.105,0.3677,0.41,0.4416,0.4729,0.5184,0.0153,0.0783,1.3491
2020-04-03,UT,Utah,6,0,0.252,0.2893,0.3172,0.3462,0.3893,0,0,0
2020-04-03,VA,Virginia,13,0.4013,0.4079,0.454,0.4874,0.5214,0.5671,0.0127,0.0667,2.5856
2020-04-03,VT,Vermont,3,1,0.5876,0.6293,0.6562,0.6839,0.721,0,0,0
2020-04-03,WA,Washington,12,0.9393,0.4957,0.5414,0.5739,0.6041,0.6488,3e-4,0.0037,0.1708
2020-04-03,WI,Wisconsin,10,0.3063,0.4191,0.456,0.48,0.5069,0.5459,0.0123,0.0773,4.0138
2020-04-03,WV,West Virginia,5,0,0.239,0.2741,0.3006,0.3289,0.3749,0,0,0
2020-04-03,WY,Wyoming,3,0,0.1879,0.2194,0.2426,0.2682,0.3051,0,0,0
2020-04-04,AK,Alaska,3,0.0233,0.3347,0.3759,0.4067,0.4374,0.4816,3e-4,0.0013,0.6616
2020-04-04,AL,Alabama,9,0.0073,0.3083,0.3516,0.3828,0.4126,0.4607,0,0.001,0.0745
2020-04-04,AR,Arkansas,6,0.009,0.3055,0.3496,0.3806,0.4117,0.4606,3e-4,0.0013,0.1864
2020-04-04,AZ,Arizona,11,0.1997,0.388,0.4305,0.4608,0.4914,0.5381,0.0093,0.0423,2.6009
2020-04-04,CA,California,55,0.9997,0.5941,0.6301,0.6548,0.6782,0.7093,0,0,0
2020-04-04,CO,Colorado,9,0.613,0.4371,0.4824,0.5146,0.5471,0.5935,0.005,0.032,1.8196
2020-04-04,CT,Connecticut,7,0.9257,0.49,0.5371,0.5674,0.5973,0.6412,7e-4,0.0033,0.3204
2020-04-04,DC,District of Columbia,3,1,0.9334,0.9454,0.9523,0.9582,0.966,0,0,0
2020-04-04,DE,Delaware,3,0.9907,0.5312,0.5728,0.6044,0.6348,0.6723,0,0,0
2020-04-04,FL,Florida,29,0.3343,0.4063,0.4469,0.4798,0.5106,0.5544,0.032,0.143,2.3999
2020-04-04,GA,Georgia,16,0.1797,0.404,0.4382,0.4648,0.4911,0.5271,0.0133,0.078,2.9968
2020-04-04,HI,Hawaii,4,1,0.6173,0.6578,0.6847,0.7102,0.7433,0,0,0
2020-04-04,IA,Iowa,6,0.1677,0.3799,0.4271,0.457,0.4862,0.5325,0.003,0.0193,1.9522
2020-04-04,ID,Idaho,4,0,0.2512,0.2845,0.3105,0.3375,0.3802,0,0,0
2020-04-04,IL,Illinois,20,0.8733,0.4764,0.5245,0.5576,0.5886,0.6315,0.003,0.0203,0.5806
2020-04-04,IN,Indiana,11,0.0227,0.3403,0.3826,0.4116,0.4419,0.4861,0.0017,0.0067,0.3854
2020-04-04,KS,Kansas,6,0.0053,0.3103,0.3522,0.3824,0.4122,0.4553,3e-4,3e-4,0.0445
2020-04-04,KY,Kentucky,8,0.0057,0.2971,0.3421,0.3721,0.4038,0.451,3e-4,0.001,0.0822
2020-04-04,LA,Louisiana,8,0.0317,0.3378,0.379,0.4119,0.4438,0.4912,0.0013,0.006,0.4675
2020-04-04,MA,Massachusetts,11,0.9993,0.5712,0.615,0.6432,0.6706,0.7102,0,0,0
2020-04-04,MD,Maryland,10,0.9983,0.5558,0.6032,0.6323,0.66,0.6998,0,0,0
2020-04-04,ME,Maine,4,0.694,0.4501,0.4923,0.5231,0.553,0.5972,0.0033,0.0133,2.7308
2020-04-04,MI,Michigan,16,0.4253,0.4292,0.4675,0.4927,0.519,0.5565,0.0227,0.1023,3.3709
2020-04-04,MN,Minnesota,10,0.4953,0.4194,0.4669,0.4993,0.5304,0.575,0.011,0.0547,2.9348
2020-04-04,MO,Missouri,10,0.019,0.3315,0.373,0.4044,0.4354,0.4809,0.0013,0.0043,0.2439
2020-04-04,MS,Mississippi,6,0.0383,0.3434,0.3884,0.4193,0.4503,0.4945,7e-4,0.0073,0.9586
2020-04-04,MT,Montana,3,0.006,0.3236,0.3616,0.3911,0.4195,0.4599,3e-4,3e-4,0.1066
2020-04-04,NC,North Carolina,15,0.2417,0.3926,0.437,0.468,0.498,0.544,0.01,0.062,2.0672
2020-04-04,ND,North Dakota,3,0,0.2605,0.2993,0.3272,0.3574,0.402,0,0,0
2020-04-04,NE,Nebraska,5,0.0027,0.2968,0.3386,0.3681,0.3964,0.4396,0,0,0
2020-04-04,NH,New Hampshire,4,0.503,0.4238,0.4669,0.5003,0.5316,0.5764,0.0037,0.0187,3.9648
2020-04-04,NJ,New Jersey,14,0.9323,0.4931,0.54,0.5711,0.6013,0.6441,0.0027,0.005,0.204
2020-04-04,NM,New Mexico,5,0.8127,0.4623,0.5085,0.5394,0.5682,0.6129,0.0023,0.0117,2.3103
2020-04-04,NV,Nevada,6,0.6077,0.4345,0.4802,0.5118,0.5424,0.5883,0.006,0.025,3.5119
2020-04-04,NY,New York,29,0.9937,0.5372,0.5752,0.6015,0.625,0.6619,3e-4,3e-4,0.0068
2020-04-04,OH,Ohio,18,0.0947,0.3908,0.4253,0.4528,0.4796,0.5117,0.0143,0.0523,1.5052
2020-04-04,OK,Oklahoma,7,0,0.2502,0.2872,0.3156,0.3423,0.386,0,0,0
2020-04-04,OR,Oregon,7,0.8783,0.48,0.5228,0.5525,0.5849,0.6274,0.0017,0.006,0.474
2020-04-04,PA,Pennsylvania,20,0.294,0.4119,0.4528,0.4788,0.5052,0.5444,0.0253,0.1213,3.1366
2020-04-04,RI,Rhode Island,4,0.973,0.5128,0.5618,0.5945,0.6239,0.666,0,3e-4,0.1135
2020-04-04,SC,South Carolina,9,0.0603,0.3556,0.3971,0.43,0.4616,0.5041,0.0017,0.0113,0.852
2020-04-04,SD,South Dakota,3,7e-4,0.2844,0.3235,0.3524,0.38,0.4243,0,3e-4,0.1424
2020-04-04,TN,Tennessee,11,0.0013,0.2975,0.3402,0.368,0.3969,0.4409,3e-4,7e-4,0.042
2020-04-04,TX,Texas,38,0.1003,0.3676,0.4122,0.4418,0.4727,0.5179,0.017,0.082,1.4453
2020-04-04,UT,Utah,6,0,0.2589,0.2945,0.321,0.3482,0.3894,0,0,0
2020-04-04,VA,Virginia,13,0.4057,0.4136,0.4583,0.4898,0.5213,0.5644,0.0167,0.0633,2.5139
2020-04-04,VT,Vermont,3,1,0.587,0.6316,0.6587,0.686,0.7232,0,0,0
2020-04-04,WA,Washington,12,0.9463,0.4978,0.5425,0.5759,0.6073,0.6462,3e-4,0.0027,0.1271
2020-04-04,WI,Wisconsin,10,0.3283,0.4218,0.4587,0.4835,0.5093,0.5448,0.0143,0.069,3.6652
2020-04-04,WV,West Virginia,5,0,0.2409,0.2777,0.3032,0.3295,0.3697,0,0,0
2020-04-04,WY,Wyoming,3,0,0.1895,0.2204,0.2441,0.2695,0.3064,0,0,0
2020-04-05,AK,Alaska,3,0.0273,0.3339,0.3776,0.4085,0.4394,0.4887,3e-4,0.001,0.511
2020-04-05,AL,Alabama,9,0.0043,0.3116,0.3524,0.3817,0.4134,0.4557,0,3e-4,0.0256
2020-04-05,AR,Arkansas,6,0.011,0.3109,0.3537,0.3842,0.4156,0.4646,7e-4,7e-4,0.096
2020-04-05,AZ,Arizona,11,0.208,0.3832,0.4288,0.4609,0.4935,0.5387,0.0093,0.041,2.5943
2020-04-05,CA,California,55,1,0.5943,0.6313,0.6558,0.6785,0.7104,0,0,0
2020-04-05,CO,Colorado,9,0.646,0.4438,0.4859,0.5162,0.5459,0.5891,0.0093,0.0337,1.9717
2020-04-05,CT,Connecticut,7,0.9367,0.4938,0.5393,0.5685,0.5995,0.6431,0.0017,0.0017,0.165
2020-04-05,DC,District of Columbia,3,1,0.9336,0.9455,0.9523,0.9587,0.9662,0,0,0
2020-04-05,DE,Delaware,3,0.979,0.5212,0.572,0.6043,0.636,0.6802,0,3e-4,0.1229
2020-04-05,FL,Florida,29,0.317,0.4046,0.4486,0.4791,0.5101,0.5537,0.0343,0.1643,2.8404
2020-04-05,GA,Georgia,16,0.1697,0.3992,0.4377,0.4635,0.4893,0.5255,0.0143,0.0767,3.0337
2020-04-05,HI,Hawaii,4,1,0.6157,0.6541,0.6828,0.7094,0.7424,0,0,0
2020-04-05,IA,Iowa,6,0.1747,0.3798,0.4248,0.4555,0.4877,0.5334,0.0033,0.0213,2.2187
2020-04-05,ID,Idaho,4,0,0.2467,0.2822,0.3102,0.3387,0.3814,0,0,0
2020-04-05,IL,Illinois,20,0.882,0.4804,0.525,0.5565,0.5891,0.6333,0.0027,0.0137,0.4019
2020-04-05,IN,Indiana,11,0.0327,0.3377,0.3833,0.4137,0.4437,0.4906,0.0017,0.0063,0.377
2020-04-05,KS,Kansas,6,0.0067,0.3131,0.354,0.3836,0.4142,0.4559,0,0,0
2020-04-05,KY,Kentucky,8,0.0073,0.3008,0.3428,0.3739,0.4056,0.4556,0,3e-4,0.0282
2020-04-05,LA,Louisiana,8,0.027,0.3386,0.3819,0.4115,0.4425,0.4879,7e-4,0.006,0.4815
2020-04-05,MA,Massachusetts,11,0.9997,0.5664,0.6125,0.6409,0.6693,0.7059,0,0,0
2020-04-05,MD,Maryland,10,0.9987,0.5643,0.6048,0.6371,0.6647,0.7023,0,0,0
2020-04-05,ME,Maine,4,0.716,0.4517,0.4959,0.5253,0.5561,0.5982,0.0023,0.01,2.1094
2020-04-05,MI,Michigan,16,0.4267,0.4303,0.4689,0.4938,0.5178,0.556,0.0263,0.1043,3.5396
2020-04-05,MN,Minnesota,10,0.4767,0.4217,0.4636,0.497,0.5297,0.5747,0.012,0.05,2.7646
2020-04-05,MO,Missouri,10,0.021,0.3373,0.3789,0.4083,0.4358,0.4782,0.0017,0.006,0.3478
2020-04-05,MS,Mississippi,6,0.0407,0.3468,0.3871,0.4208,0.4513,0.4961,7e-4,0.0063,0.8527
2020-04-05,MT,Montana,3,0.0083,0.3182,0.3607,0.3905,0.4198,0.4637,0,0.001,0.3292
2020-04-05,NC,North Carolina,15,0.2373,0.394,0.4373,0.4675,0.498,0.5418,0.0147,0.0657,2.2549
2020-04-05,ND,North Dakota,3,0,0.2628,0.3006,0.3276,0.3548,0.3969,0,0,0
2020-04-05,NE,Nebraska,5,7e-4,0.2985,0.3366,0.3663,0.3969,0.4393,0,7e-4,0.1286
2020-04-05,NH,New Hampshire,4,0.5233,0.4245,0.4715,0.5029,0.5329,0.5776,0.0023,0.02,4.3752
2020-04-05,NJ,New Jersey,14,0.936,0.4941,0.5414,0.5714,0.6005,0.6422,0.0013,0.004,0.1681
2020-04-05,NM,New Mexico,5,0.8177,0.4668,0.5108,0.5416,0.5706,0.6136,7e-4,0.007,1.4277
2020-04-05,NV,Nevada,6,0.58,0.4302,0.4775,0.5101,0.5432,0.5896,0.005,0.0207,2.9901
2020-04-05,NY,New York,29,0.9963,0.5398,0.5776,0.6017,0.6268,0.6608,0,0,0
2020-04-05,OH,Ohio,18,0.1073,0.3921,0.4273,0.4541,0.479,0.5166,0.013,0.0543,1.6095
2020-04-05,OK,Oklahoma,7,0,0.2493,0.2871,0.3137,0.3417,0.3884,0,0,0
2020-04-05,OR,Oregon,7,0.8827,0.4764,0.523,0.5542,0.5837,0.6287,0.0017,0.0053,0.4339
2020-04-05,PA,Pennsylvania,20,0.282,0.4151,0.4518,0.4784,0.5035,0.5412,0.0293,0.1203,3.2038
2020-04-05,RI,Rhode Island,4,0.976,0.5147,0.5618,0.5934,0.6237,0.6662,3e-4,3e-4,0.1169
2020-04-05,SC,South Carolina,9,0.0637,0.3559,0.4015,0.43,0.4599,0.5066,0.0043,0.0117,0.9033
2020-04-05,SD,South Dakota,3,7e-4,0.2883,0.3266,0.3556,0.3833,0.4285,0,0,0
2020-04-05,TN,Tennessee,11,0.002,0.2969,0.3382,0.3662,0.3966,0.4413,0,0,0
2020-04-05,TX,Texas,38,0.106,0.3735,0.4144,0.4449,0.4741,0.5192,0.017,0.0703,1.2768
2020-04-05,UT,Utah,6,0,0.2575,0.2954,0.3232,0.3521,0.3935,0,0,0
2020-04-05,VA,Virginia,13,0.42,0.4162,0.4598,0.4912,0.5224,0.5676,0.016,0.07,2.8617
2020-04-05,VT,Vermont,3,0.9997,0.5844,0.6295,0.6577,0.6856,0.7232,0,0,0
2020-04-05,WA,Washington,12,0.953,0.501,0.5448,0.5756,0.6063,0.6503,3e-4,0.002,0.0982
2020-04-05,WI,Wisconsin,10,0.334,0.419,0.458,0.483,0.5097,0.5479,0.0153,0.0793,4.3402
2020-04-05,WV,West Virginia,5,0,0.2396,0.2751,0.3021,0.3305,0.3723,0,0,0
2020-04-05,WY,Wyoming,3,0,0.1927,0.2225,0.2448,0.2697,0.3084,0,0,0
2020-04-06,AK,Alaska,3,0.0253,0.3351,0.3773,0.4084,0.438,0.4829,3e-4,0.0013,0.705
2020-04-06,AL,Alabama,9,0.007,0.3107,0.3524,0.3837,0.4175,0.4643,0,0.001,0.0793
2020-04-06,AR,Arkansas,6,0.0057,0.3089,0.3515,0.3819,0.4101,0.4576,0,3e-4,0.0497
2020-04-06,AZ,Arizona,11,0.191,0.388,0.4311,0.4593,0.4902,0.5334,0.0073,0.033,2.1604
2020-04-06,CA,California,55,1,0.5955,0.6307,0.6535,0.6773,0.7116,0,0,0
2020-04-06,CO,Colorado,9,0.6353,0.4399,0.4856,0.5154,0.5455,0.5892,0.0087,0.0357,2.1611
2020-04-06,CT,Connecticut,7,0.922,0.4876,0.5376,0.5691,0.5976,0.6424,3e-4,0.0017,0.1707
2020-04-06,DC,District of Columbia,3,1,0.9329,0.9456,0.9524,0.9584,0.9665,0,0,0
2020-04-06,DE,Delaware,3,0.988,0.5286,0.5759,0.6071,0.6381,0.6775,0,3e-4,0.1272
2020-04-06,FL,Florida,29,0.4177,0.4281,0.4651,0.4923,0.5155,0.5521,0.052,0.2077,3.7137
2020-04-06,GA,Georgia,16,0.1797,0.4028,0.4397,0.4643,0.49,0.5279,0.0127,0.0703,2.8795
2020-04-06,HI,Hawaii,4,1,0.6134,0.6571,0.6855,0.7094,0.7468,0,0,0
2020-04-06,IA,Iowa,6,0.1747,0.3822,0.4248,0.4561,0.4882,0.5362,0.004,0.0187,2.0085
2020-04-06,ID,Idaho,4,0,0.2483,0.2851,0.3106,0.3373,0.3777,0,0,0
2020-04-06,IL,Illinois,20,0.8953,0.4831,0.5268,0.5586,0.59,0.6338,0.005,0.0127,0.3854
2020-04-06,IN,Indiana,11,0.027,0.3379,0.3815,0.4112,0.4425,0.4865,0.0013,0.005,0.308
2020-04-06,KS,Kansas,6,0.0057,0.3146,0.356,0.3837,0.4125,0.4582,0,0,0
2020-04-06,KY,Kentucky,8,0.006,0.3061,0.3463,0.375,0.4062,0.4529,0,0,0
2020-04-06,LA,Louisiana,8,0.0277,0.3397,0.3831,0.4127,0.4418,0.4878,7e-4,0.003,0.2491
2020-04-06,MA,Massachusetts,11,0.9987,0.5671,0.6125,0.643,0.6723,0.7126,0,0,0
2020-04-06,MD,Maryland,10,0.9963,0.5559,0.6038,0.6332,0.6614,0.7027,0,0,0
2020-04-06,ME,Maine,4,0.7023,0.4487,0.4934,0.5251,0.5561,0.5976,0.0017,0.0107,2.3279
2020-04-06,MI,Michigan,16,0.4343,0.4332,0.4684,0.4943,0.5179,0.556,0.0253,0.1077,3.7792
2020-04-06,MN,Minnesota,10,0.4757,0.4232,0.4663,0.4968,0.5294,0.5729,0.012,0.04,2.2882
2020-04-06,MO,Missouri,10,0.0163,0.3335,0.3746,0.4041,0.4345,0.4784,7e-4,0.0013,0.08
2020-04-06,MS,Mississippi,6,0.0437,0.3486,0.3905,0.422,0.4516,0.4966,7e-4,0.004,0.5572
2020-04-06,MT,Montana,3,0.006,0.3212,0.3617,0.3913,0.4212,0.4667,0,7e-4,0.2271
2020-04-06,NC,North Carolina,15,0.2767,0.3955,0.4405,0.4721,0.5036,0.5508,0.0123,0.0587,2.0843
2020-04-06,ND,North Dakota,3,0,0.2656,0.3,0.3283,0.354,0.3939,0,0,0
2020-04-06,NE,Nebraska,5,0.0013,0.2999,0.3381,0.3674,0.3969,0.4379,3e-4,7e-4,0.133
2020-04-06,NH,New Hampshire,4,0.5063,0.4246,0.4691,0.5007,0.5316,0.5767,0.0067,0.0207,4.6775
2020-04-06,NJ,New Jersey,14,0.9277,0.4912,0.5374,0.5697,0.601,0.6471,7e-4,0.0063,0.2754
2020-04-06,NM,New Mexico,5,0.812,0.4667,0.5099,0.5405,0.5722,0.6155,0.0023,0.0063,1.3364
2020-04-06,NV,Nevada,6,0.6047,0.4374,0.4809,0.5134,0.5439,0.5879,0.005,0.0233,3.4927
2020-04-06,NY,New York,29,0.9933,0.5369,0.5746,0.6008,0.6253,0.6616,0,0,0
2020-04-06,OH,Ohio,18,0.1123,0.3907,0.4284,0.4531,0.4795,0.5154,0.0087,0.0453,1.3894
2020-04-06,OK,Oklahoma,7,0,0.2508,0.2887,0.3151,0.3419,0.3858,0,0,0
2020-04-06,OR,Oregon,7,0.8687,0.4777,0.5207,0.5502,0.5798,0.6241,0.001,0.0107,0.8978
2020-04-06,PA,Pennsylvania,20,0.2837,0.4152,0.4515,0.4762,0.504,0.5426,0.0217,0.1193,3.2872
2020-04-06,RI,Rhode Island,4,0.9817,0.5224,0.5682,0.596,0.6252,0.6657,0,0,0
2020-04-06,SC,South Carolina,9,0.0737,0.3602,0.404,0.4341,0.4647,0.5106,0.002,0.0137,1.0947
2020-04-06,SD,South Dakota,3,0.001,0.2917,0.3278,0.3566,0.3841,0.4283,0,0,0
2020-04-06,TN,Tennessee,11,0.001,0.3039,0.3428,0.3723,0.4011,0.4413,3e-4,7e-4,0.0448
2020-04-06,TX,Texas,38,0.1243,0.3688,0.4148,0.4443,0.4763,0.5263,0.0213,0.0787,1.4775
2020-04-06,UT,Utah,6,0,0.2597,0.296,0.322,0.3505,0.394,0,0,0
2020-04-06,VA,Virginia,13,0.444,0.4186,0.4624,0.4928,0.5251,0.5674,0.0133,0.069,2.9185
2020-04-06,VT,Vermont,3,0.9993,0.581,0.629,0.657,0.685,0.7244,0,0,0
2020-04-06,WA,Washington,12,0.952,0.5007,0.5464,0.5782,0.6072,0.6517,0,0.0013,0.0677
2020-04-06,WI,Wisconsin,10,0.3347,0.423,0.4578,0.4827,0.509,0.5467,0.0113,0.063,3.566
2020-04-06,WV,West Virginia,5,0,0.239,0.2758,0.3019,0.331,0.3698,0,0,0
2020-04-06,WY,Wyoming,3,0,0.1931,0.2233,0.2466,0.2704,0.3073,0,0,0
2020-04-07,AK,Alaska,3,0.0247,0.3379,0.3795,0.4089,0.4388,0.485,0.001,3e-4,0.1723
2020-04-07,AL,Alabama,9,0.0083,0.3117,0.355,0.3863,0.4174,0.4619,0,0.001,0.0776
2020-04-07,AR,Arkansas,6,0.0087,0.3112,0.3525,0.3838,0.4149,0.4609,0,0,0
2020-04-07,AZ,Arizona,11,0.217,0.3886,0.4334,0.4645,0.4945,0.5371,0.012,0.0387,2.4745
2020-04-07,CA,California,55,1,0.5956,0.6318,0.6562,0.6794,0.7092,0,0,0
2020-04-07,CO,Colorado,9,0.6653,0.4437,0.4883,0.5195,0.5517,0.5941,0.006,0.028,1.6584
2020-04-07,CT,Connecticut,7,0.9403,0.4956,0.5388,0.5697,0.6011,0.6433,7e-4,0.004,0.4004
2020-04-07,DC,District of Columbia,3,1,0.9348,0.9456,0.9524,0.9583,0.9661,0,0,0
2020-04-07,DE,Delaware,3,0.9883,0.529,0.5752,0.6066,0.6383,0.677,0,0,0
2020-04-07,FL,Florida,29,0.4213,0.431,0.4681,0.493,0.5172,0.5539,0.0443,0.201,3.5136
2020-04-07,GA,Georgia,16,0.167,0.402,0.4403,0.4636,0.4894,0.5243,0.0123,0.0597,2.3878
2020-04-07,HI,Hawaii,4,1,0.6129,0.6579,0.6852,0.7113,0.7505,0,0,0
2020-04-07,IA,Iowa,6,0.1913,0.3831,0.4263,0.4577,0.4892,0.5371,0.005,0.02,2.1036
2020-04-07,ID,Idaho,4,0,0.2486,0.2847,0.3118,0.339,0.3774,0,0,0
2020-04-07,IL,Illinois,20,0.8933,0.4817,0.528,0.5567,0.5855,0.6276,0.003,0.012,0.3569
2020-04-07,IN,Indiana,11,0.0343,0.3379,0.3819,0.4131,0.4415,0.4901,0.0013,0.0077,0.4616
2020-04-07,KS,Kansas,6,0.0063,0.3112,0.351,0.382,0.4127,0.4584,0,3e-4,0.0463
2020-04-07,KY,Kentucky,8,0.006,0.302,0.3458,0.3769,0.4068,0.4543,0,7e-4,0.0571
2020-04-07,LA,Louisiana,8,0.0257,0.3394,0.3821,0.4115,0.4443,0.4872,7e-4,0.003,0.2435
2020-04-07,MA,Massachusetts,11,0.9993,0.5705,0.6156,0.6448,0.6738,0.7125,0,0,0
2020-04-07,MD,Maryland,10,0.9983,0.5589,0.6046,0.6349,0.663,0.7032,0,0,0
2020-04-07,ME,Maine,4,0.7343,0.4542,0.4982,0.5272,0.5566,0.6014,0.003,0.009,1.92
2020-04-07,MI,Michigan,16,0.4537,0.4331,0.4699,0.4955,0.5196,0.5562,0.0257,0.108,3.7056
2020-04-07,MN,Minnesota,10,0.521,0.4263,0.472,0.5023,0.532,0.576,0.0113,0.0527,2.9451
2020-04-07,MO,Missouri,10,0.018,0.3366,0.3763,0.4059,0.4345,0.4799,0.0013,0.0027,0.1563
2020-04-07,MS,Mississippi,6,0.045,0.3527,0.3927,0.4217,0.4525,0.4977,0.001,0.0033,0.4539
2020-04-07,MT,Montana,3,0.0107,0.3216,0.3611,0.393,0.4229,0.4675,0,3e-4,0.111
2020-04-07,NC,North Carolina,15,0.2603,0.3974,0.4408,0.4718,0.5015,0.5468,0.0153,0.0697,2.4194
2020-04-07,ND,North Dakota,3,0,0.2632,0.3001,0.33,0.3585,0.4024,0,0,0
2020-04-07,NE,Nebraska,5,0.003,0.2993,0.3403,0.3674,0.3966,0.4411,0,3e-4,0.065
2020-04-07,NH,New Hampshire,4,0.5123,0.4256,0.4696,0.5013,0.5336,0.5767,0.0057,0.0237,5.236
2020-04-07,NJ,New Jersey,14,0.9503,0.5001,0.543,0.5731,0.6027,0.6446,7e-4,0.0043,0.1842
2020-04-07,NM,New Mexico,5,0.812,0.4705,0.5095,0.5406,0.572,0.6146,7e-4,0.0093,1.9252
2020-04-07,NV,Nevada,6,0.5997,0.4382,0.4833,0.5125,0.5404,0.5814,0.005,0.027,3.9507
2020-04-07,NY,New York,29,0.9953,0.542,0.577,0.6033,0.6278,0.6627,0,0,0
2020-04-07,OH,Ohio,18,0.118,0.3936,0.4293,0.4545,0.4799,0.5157,0.0137,0.0433,1.2982
2020-04-07,OK,Oklahoma,7,0,0.256,0.289,0.316,0.3434,0.3862,0,0,0
2020-04-07,OR,Oregon,7,0.8897,0.4815,0.5257,0.5551,0.5835,0.6254,0.0013,0.0077,0.6308
2020-04-07,PA,Pennsylvania,20,0.2823,0.4185,0.4526,0.4788,0.5041,0.5437,0.0287,0.1087,2.9261
2020-04-07,RI,Rhode Island,4,0.9797,0.517,0.5648,0.5944,0.6257,0.6666,0,0,0
2020-04-07,SC,South Carolina,9,0.0753,0.3602,0.4016,0.4315,0.4642,0.5105,0.0027,0.0123,0.9657
2020-04-07,SD,South Dakota,3,0,0.2915,0.3263,0.3562,0.3873,0.4297,0,0,0
2020-04-07,TN,Tennessee,11,0.0017,0.3043,0.3416,0.3704,0.4004,0.4432,0,3e-4,0.0219
2020-04-07,TX,Texas,38,0.1173,0.3711,0.4155,0.4476,0.4777,0.5219,0.014,0.0763,1.4014
2020-04-07,UT,Utah,6,0,0.2624,0.2964,0.3216,0.3496,0.3911,0,0,0
2020-04-07,VA,Virginia,13,0.437,0.4174,0.4613,0.4917,0.5238,0.566,0.013,0.065,2.6875
2020-04-07,VT,Vermont,3,1,0.5837,0.6278,0.6558,0.683,0.7211,0,0,0
2020-04-07,WA,Washington,12,0.9533,0.5019,0.5456,0.5774,0.6054,0.6486,7e-4,0.0027,0.1324
2020-04-07,WI,Wisconsin,10,0.3503,0.4264,0.462,0.4864,0.5098,0.5467,0.016,0.0707,3.91
2020-04-07,WV,West Virginia,5,0,0.2415,0.277,0.304,0.3323,0.3707,0,0,0
2020-04-07,WY,Wyoming,3,0,0.19,0.2221,0.2461,0.2715,0.3123,0,0,0
2020-04-09,AK,Alaska,3,0.0243,0.3391,0.3807,0.4108,0.4404,0.4842,3e-4,0.0017,0.8535
2020-04-09,AL,Alabama,9,0.0113,0.3151,0.3573,0.3868,0.4176,0.4627,0,0.001,0.0768
2020-04-09,AR,Arkansas,6,0.0033,0.3134,0.3547,0.3854,0.4175,0.459,0,3e-4,0.0481
2020-04-09,AZ,Arizona,11,0.212,0.3883,0.4321,0.4628,0.4941,0.5391,0.0107,0.0373,2.3671
2020-04-09,CA,California,55,0.9997,0.597,0.6315,0.6545,0.677,0.7064,0,0,0
2020-04-09,CO,Colorado,9,0.658,0.4451,0.4877,0.518,0.5497,0.5938,0.0077,0.0313,1.8387
2020-04-09,CT,Connecticut,7,0.9247,0.4918,0.5378,0.5687,0.5999,0.6448,3e-4,0.0037,0.3637
2020-04-09,DC,District of Columbia,3,1,0.9335,0.9456,0.9525,0.9589,0.9661,0,0,0
2020-04-09,DE,Delaware,3,0.9893,0.5326,0.5778,0.6083,0.6369,0.6774,0,0,0
2020-04-09,FL,Florida,29,0.418,0.4352,0.4671,0.493,0.5182,0.5524,0.042,0.207,3.5852
2020-04-09,GA,Georgia,16,0.1977,0.4078,0.4436,0.4693,0.4933,0.5297,0.016,0.0727,2.8813
2020-04-09,HI,Hawaii,4,1,0.6134,0.6564,0.6842,0.71,0.7458,0,0,0
2020-04-09,IA,Iowa,6,0.1923,0.3859,0.4293,0.4587,0.4908,0.537,0.0063,0.0253,2.64
2020-04-09,ID,Idaho,4,0,0.2514,0.2874,0.313,0.3386,0.3791,0,0,0
2020-04-09,IL,Illinois,20,0.8913,0.4797,0.5257,0.557,0.5905,0.6317,0.0047,0.0167,0.4911
2020-04-09,IN,Indiana,11,0.0333,0.3404,0.3835,0.4152,0.4456,0.4924,0.002,0.006,0.3579
2020-04-09,KS,Kansas,6,0.0043,0.3149,0.3555,0.3842,0.4129,0.4587,0,3e-4,0.0459
2020-04-09,KY,Kentucky,8,0.0047,0.3088,0.3469,0.3779,0.4088,0.4526,0,0,0
2020-04-09,LA,Louisiana,8,0.0267,0.3409,0.3818,0.4124,0.4435,0.4881,0.001,0.003,0.2412
2020-04-09,MA,Massachusetts,11,0.9997,0.5721,0.6157,0.6433,0.6732,0.7079,0,0,0
2020-04-09,MD,Maryland,10,0.9977,0.5619,0.6053,0.6352,0.6658,0.7024,0,0,0
2020-04-09,ME,Maine,4,0.7207,0.451,0.4952,0.5253,0.5551,0.5967,0.0013,0.0133,2.8182
2020-04-09,MI,Michigan,16,0.4333,0.433,0.4688,0.4938,0.5179,0.5539,0.0253,0.1077,3.6601
2020-04-09,MN,Minnesota,10,0.5193,0.4263,0.4725,0.5022,0.533,0.5766,0.0127,0.0543,3.0103
2020-04-09,MO,Missouri,10,0.0227,0.3418,0.3815,0.4119,0.444,0.4852,7e-4,0.003,0.1743
2020-04-09,MS,Mississippi,6,0.0417,0.3531,0.3948,0.4226,0.4525,0.4954,0.0023,0.0047,0.6296
2020-04-09,MT,Montana,3,0.007,0.3257,0.3648,0.3929,0.4239,0.467,0,3e-4,0.11
2020-04-09,NC,North Carolina,15,0.275,0.3935,0.4382,0.4706,0.5038,0.5483,0.0147,0.062,2.1333
2020-04-09,ND,North Dakota,3,0,0.2644,0.3006,0.3271,0.3556,0.3993,0,0,0
2020-04-09,NE,Nebraska,5,0.0013,0.3055,0.343,0.3712,0.3995,0.4441,0,0,0
2020-04-09,NH,New Hampshire,4,0.5127,0.43,0.4728,0.5012,0.53,0.5717,0.006,0.021,4.6032
2020-04-09,NJ,New Jersey,14,0.9307,0.4911,0.5393,0.5698,0.5999,0.6434,0.0013,0.007,0.2948
2020-04-09,NM,New Mexico,5,0.814,0.4669,0.509,0.5413,0.5702,0.6127,0.002,0.0073,1.4987
2020-04-09,NV,Nevada,6,0.608,0.4371,0.4808,0.5122,0.543,0.5863,0.0077,0.0217,3.1411
2020-04-09,NY,New York,29,0.9967,0.539,0.5764,0.6022,0.627,0.6616,0,0,0
2020-04-09,OH,Ohio,18,0.1007,0.393,0.4273,0.4537,0.4787,0.513,0.0067,0.0397,1.1774
2020-04-09,OK,Oklahoma,7,0,0.2542,0.2896,0.3156,0.3426,0.3854,0,0,0
2020-04-09,OR,Oregon,7,0.883,0.478,0.5245,0.5551,0.5834,0.6262,0.001,0.0057,0.462
2020-04-09,PA,Pennsylvania,20,0.29,0.4164,0.4529,0.4788,0.5045,0.5412,0.03,0.1193,3.1837
2020-04-09,RI,Rhode Island,4,0.9797,0.5216,0.5658,0.5952,0.6242,0.6686,0,0,0
2020-04-09,SC,South Carolina,9,0.0767,0.3569,0.4031,0.4337,0.4655,0.5104,0.0033,0.013,1.0085
2020-04-09,SD,South Dakota,3,7e-4,0.2899,0.3287,0.3567,0.3861,0.4316,0,3e-4,0.1469
2020-04-09,TN,Tennessee,11,7e-4,0.3012,0.3419,0.3707,0.399,0.4441,0,0,0
2020-04-09,TX,Texas,38,0.129,0.3711,0.4143,0.4461,0.4787,0.5213,0.0207,0.069,1.2551
2020-04-09,UT,Utah,6,0,0.2578,0.295,0.3239,0.3518,0.3961,0,0,0
2020-04-09,VA,Virginia,13,0.4727,0.4199,0.463,0.4961,0.5287,0.575,0.0133,0.058,2.3759
2020-04-09,VT,Vermont,3,0.9997,0.5868,0.6297,0.6584,0.6844,0.7221,0,0,0
2020-04-09,WA,Washington,12,0.9573,0.5036,0.5486,0.579,0.6092,0.6482,7e-4,0.0033,0.164
2020-04-09,WI,Wisconsin,10,0.3347,0.4222,0.4576,0.4843,0.5095,0.5454,0.014,0.0613,3.3623
2020-04-09,WV,West Virginia,5,0,0.2426,0.2767,0.3042,0.3334,0.3733,0,0,0
2020-04-09,WY,Wyoming,3,0,0.1972,0.2264,0.2489,0.2726,0.3077,0,0,0
